transcript,codon,aminoAcids
ENST00000012345,ATG,Methionine
ENST00000012345,GCC,Alanine
ENST00000012345,ACT,Threonine
ENST00000012345,ATG,Methionine
ENST00000012345,AAG,Lysine
ENST00000012345,CGA,Arginine
ENST00000012345,CCG,Proline
ENST00000012345,GGA,Glycine
ENST00000012345,GGA,Glycine
ENST00000012345,TCC,Serine
ENST00000012345,CAT,Histidine
ENST00000012345,TGG,Tryptophan
ENST00000012345,TGG,Tryptophan
ENST00000012345,TTA,Leucine
ENST00000012345,GAA,GlutamicAcid
ENST00000012345,TAT,Tyrosine
ENST00000012345,AAG,Lysine
ENST00000012345,TGG,Tryptophan
ENST00000012345,ACA,Threonine
ENST00000012345,AAA,Lysine
ENST00000067890,AGA,Arginine
ENST00000067890,ATG,Methionine
ENST00000067890,ATG,Methionine
ENST00000067890,TCT,Serine
ENST00000067890,GCA,Alanine
ENST00000067890,GCA,Alanine
ENST00000067890,GCA,Alanine
ENST00000067890,GCA,Alanine
ENST00000067890,GCA,Alanine
ENST00000067890,GCA,Alanine
ENST00000067890,GCA,Alanine
ENST00000067890,GCC,Alanine
ENST00000067890,GCC,Alanine
ENST00000067890,CAA,Glutamine
ENST00000067890,GAC,AsparticAcid
ENST00000067890,GCC,Alanine
ENST00000067890,CTG,Leucine
ENST00000067890,CTG,Leucine
ENST00000067890,CTG,Leucine
ENST00000067890,CTG,Leucine
ENST00000067890,CTG,Leucine
ENST00000067890,GAG,GlutamicAcid
ENST00000067890,GAG,GlutamicAcid
ENST00000067890,GAG,GlutamicAcid
ENST00000067890,GGG,Glycine
ENST00000067890,GGG,Glycine
ENST00000067890,GGG,Glycine
ENST00000067890,GGG,Glycine
ENST00000067890,CTG,Leucine
ENST00000067890,CTG,Leucine